slug,brand,name,size,price,status,preorder_lead_time,notes_top,notes_heart,notes_base
diptyque-scented-candle-190g,Diptyque,Scented Candle,190g,4700,In stock,,,,
loewe-scented-candle-170g,Loewe,Scented Candle,170g,5600,In stock,,,,
aesop-incense,Aesop,Incense,,2200,In stock,,,,
le-labo-scented-candle-200g,Le Labo,Scented Candle,200g,6000,In stock,,,,
lancome-absolue-scented-candle-180g,Lancôme,Absolue Scented Candle,180g,7200,In stock,,,,
burberry-goddess-scented-candle-70g,Burberry,Goddess Scented Candle,70g,3200,In stock,,,,
armani-prive-the-yulong-scented-candle-70g,Armani Privé,The Yulong Scented Candle,70g,3700,In stock,,,,
givenchy-accord-particulier-scented-candle-70g,Givenchy,Accord Particulier Scented Candle,70g,3700,In stock,,,,
loro-piana-incense,Loro Piana,Incense,,5600,In stock,,,,
diptyque-hourglass-fragrance-diffuser,Diptyque,Hourglass Fragrance Diffuser,,5700,In stock,,,,
miu-miu-scented-candle-small,Miu Miu,"Scented Candle, Small",,22000,In stock,,,,
loewe-scented-candle-set-of-3-55g,Loewe,Scented Candle Set,3 × 55g,6500,In stock,,,,
diptyque-scented-candle-1500g,Diptyque,Scented Candle,1500g,24500,In stock,,,,
byredo-scented-candle-70g,Byredo,Scented Candle,70g,2800,In stock,,,,
diptyque-scented-candle-set-of-3-70g,Diptyque,Scented Candle Set,3 × 70g,6400,In stock,,,,
byredo-incense,Byredo,Incense,,2800,In stock,,,,
acca-kappa-scented-candle-180g,Acca Kappa,Scented Candle,180g,2400,In stock,,,,
cote-noire-scented-candle-75g,Côte Noire,Scented Candle,75g,2500,In stock,,,,
cote-noire-scented-candle-185g,Côte Noire,Scented Candle,185g,3900,In stock,,,,
laundrin-scented-candle-130g,Laundrin',Scented Candle,130g,1900,In stock,,,,
lancome-absolue-x-louvre-scented-candle-180g,Lancôme,Absolue × Louvre Scented Candle,180g,5500,In stock,,,,
clarins-precious-scented-candle-75g,Clarins,Precious Scented Candle,75g,2600,In stock,,,,
wedgwood-x-vera-wang-love-knot-champagne-flutes,Wedgwood × Vera Wang,Love Knot Champagne Flutes,,4700,In stock,,,,
wedgwood-x-vera-wang-love-together-champagne-flutes,Wedgwood × Vera Wang,Love Together Champagne Flutes,,4300,In stock,,,,
wedgwood-intaglio-mug-set,Wedgwood,Intaglio Mug Set,,4800,In stock,,,,
wedgwood-gio-mug-set,Wedgwood,Gio Mug Set,,4800,In stock,,,,
wedgwood-butterfly-bloom-teacup-set,Wedgwood,Butterfly Bloom Teacup Set,,3800,In stock,,,,
wedgwood-renaissance-tea-set,Wedgwood,Renaissance Tea Set,,14000,In stock,,,,
wedgwood-renaissance-mug-set,Wedgwood,Renaissance Mug Set,,4500,In stock,,,,
wedgwood-wild-strawberry-chopstick-set,Wedgwood,Wild Strawberry Chopstick Set,,2400,In stock,,,,
clarins-eau-dynamisante-35g,Clarins,Eau Dynamisante,35g,1300,In stock,,,,
woodwick-ellipse-453g,WoodWick,Ellipse,453g,2400,In stock,,,,
moumou-100g,MouMou,Scented Candle,100g,1400,In stock,,,,
replica-165g,Maison Margiela,Replica Scented Candle,165g,4300,In stock,,,,
acqua-di-parma-200g,Acqua Di Parma,Scented Candle,200g,6000,In stock,,,,
smeg-4pc-cutlery-set,Smeg,4pc Cutlery Set,,1200,In stock,,,,
marimekko-uniko-oiva-2pc-cups,Marimekko,Uniko Oiva 2pc Cups,,2300,In stock,,,,
marimekko-uniko-oiva-breakfast-set,Marimekko,Uniko Oiva Breakfast Set,,6400,In stock,,,,
marimekko-mug-set-20cl,Marimekko,Mug Set 20cl,,2800,In stock,,,,
marimekko-blue-bottle-coffee,Marimekko,Blue Bottle Coffee,,3400,In stock,,,,
marimekko-4pc-bowls,Marimekko,4pc Bowls,,3200,In stock,,,,
le-creuset-6pc-bowls,Le Creuset,6pc Bowls,,4700,In stock,,,,
royal-albert-cup-saucer-and-bread-plate,Royal Albert,"Cup, Saucer and Bread Plate",,7600,In stock,,,,
royal-albert-4pc-teaspoon-set,Royal Albert,4pc Teaspoon Set,,5800,In stock,,,,
royal-albert-new-country-roses-mug,Royal Albert,New Country Roses Mug,,2200,In stock,,,,
